HELIOS_NAME,ACCESS_PRODUCT_CONCAT
ID+,ID+
Evolve,Evolve
HESI,HESI
ScienceDirect,ScienceDirect
eBooks+,Elsevier eBooks plus
Scopus,Scopus
ClinicalKey (CK),ClinicalKey
Complete Anatomy,3D4Medical
ClinicalKey AI,ClinicalKey AI
Mendeley ,Mendeley
JBS,Journal Branded Solutions
Social Science Research Network (SSRN),SSRN
Reaxys Core,Reaxys
STATdx,STATdx
E-PIC,Elsevier Product Insights for Customers (E-PIC)
Embase Core,Embase
ExpertPath,ExpertPath
RADPrimer,Primer
Nursing Skills Korea,Nursing Skills - Korea
SciVal Web,SciVal
Elsevier Assessment Builder,Elsevier Assessment Builder
Knovel,Knovel
Clinical Learning Hub,Clinical Learning Hub
PatientPass,PatientPass
Engineering Village ,Engineering Village
ImmunoQuery,ImmunoQuery
Reference Analyzer,Reference Center
Pure CRIS,Pure
ClinCore Order Sets Care Plans,Order Sets
Japan Point of Care,Japan POC
PharmaPendium,PharmaPendium
FISTERRA website,Fisterra
Osmosis,Osmosis
B2B-Self Service eCommerce,B2B eCommerce
Nursing Skills Japan,ClinicalKey Nursing - Japan
SafetyPlus Japan,SafetyPlus Japan
Gold Standard Drug Database (GSDD),Gold Standard Drug Database
EmBiology,EmBiology
ExpertConsult Japan,Expert Consult - Japan
Admin Console,Admin Console
DorlandsOnline.com,Dorlands
Researcher Academy,Researcher Academy
NetterImages,NetterImages
Funding Institutional,Funding Institutional
Image Finder,Image Finder
Digital Commons Data,Digital Commons Publishing Services
ClinicalKey - EHE,ClinicalKey - EHE
Upgraded Sherpath,Upgraded Sherpath
SIM/Skills,SIM/Skills
LeapSpace,LeapSpace
